id,name,model_id:id,group_id:id,perm_read,perm_write,perm_create,perm_unlink
access_procurement_manager,procurement.manager,model_procurement_request,base.group_user,1,1,1,1
access_procurement_manager_line,procurement.manager.line,model_procurement_request_line,base.group_user,1,1,1,1
access_hr_department_purchase_request_user,hr.department.purchase.request.user,hr.model_hr_department,project_procurement_process.group_procurement_project_manager,1,0,0,0
access_purchase_order_project_manager,purchase.order,purchase.model_purchase_order,project_procurement_process.group_procurement_project_manager,1,1,1,1
access_purchase_order_line_project_manager,purchase.order.line,purchase.model_purchase_order_line,project_procurement_process.group_procurement_project_manager,1,1,1,1
access_stock_location_purchase_project_manager,stock.location,stock.model_stock_location,project_procurement_process.group_procurement_project_manager,1,0,0,0
access_stock_warehouse_purchase_project_manager,stock.warehouse,stock.model_stock_warehouse,project_procurement_process.group_procurement_project_manager,1,0,0,0
access_stock_picking_purchase_project_manager,stock.picking,stock.model_stock_picking,project_procurement_process.group_procurement_project_manager,1,0,1,1
access_stock_move_purchase_project_manager,stock.move,stock.model_stock_move,project_procurement_process.group_procurement_project_manager,1,0,1,1
access_account_tax_purchase_project_manager,account.tax,account.model_account_tax,project_procurement_process.group_procurement_project_manager,1,0,0,0
access_product_product_project_manager,product.product project_manager,product.model_product_product,project_procurement_process.group_procurement_project_manager,1,1,1,1
access_product_template_project_manager,product.template project_manager,product.model_product_template,project_procurement_process.group_procurement_project_manager,1,1,1,0
access_account_invoice_project_manager,account_invoice project manager,account.model_account_invoice,project_procurement_process.group_procurement_project_manager,1,1,1,0
access_account_invoice_line_project_manager,account_invoice.line project manager,account.model_account_invoice_line,project_procurement_process.group_procurement_project_manager,1,0,0,0
access_account_journal_project_manager,account.journal,account.model_account_journal,project_procurement_process.group_procurement_project_manager,1,0,0,0
access_res_partner_project_manager,res.partner.project.manager,base.model_res_partner,project_procurement_process.group_procurement_project_manager,1,1,1,0
access_product_uom_categ_project_manager,product.uom.categ project_manager,product.model_product_uom_categ,project_procurement_process.group_procurement_project_manager,1,1,1,1
access_product_uom_project_manager,product.uom project_manager,product.model_product_uom,project_procurement_process.group_procurement_project_manager,1,1,1,1
access_product_category_project_manager,product.category project_manager,product.model_product_category,project_procurement_process.group_procurement_project_manager,1,1,1,1
access_product_template_purchase_manager,product.supplierinfo project_manager,product.model_product_supplierinfo,project_procurement_process.group_procurement_project_manager,1,1,1,1
access_product_group_res_partner_project_manager,res_partner group_project_manager,base.model_res_partner,project_procurement_process.group_procurement_project_manager,1,1,1,0
access_product_pricelist_item_project_manager,product.pricelist.item project_manager,product.model_product_pricelist_item,project_procurement_process.group_procurement_project_manager,1,1,1,1
access_account_account_project_manager,account.account project manager,account.model_account_account,project_procurement_process.group_procurement_project_manager,1,0,0,0
access_account_journal_project_manager,account.journal project manager,account.model_account_journal,project_procurement_process.group_procurement_project_manager,1,0,0,0
access_stock_location_project_manager,stock.location project manager,stock.model_stock_location,project_procurement_process.group_procurement_project_manager,1,0,0,0
access_stock_warehouse_project_manager,stock.warehouse.orderpoint,stock.model_stock_warehouse_orderpoint,project_procurement_process.group_procurement_project_manager,1,0,0,0
access_stock_warehouse_project_manager,stock.warehouse.orderpoint,stock.model_stock_warehouse_orderpoint,project_procurement_process.group_procurement_project_manager,1,0,0,0
access_account_analytic_account,access_acanalytic_account_project_manager,analytic.model_account_analytic_account,project_procurement_process.group_procurement_project_manager,1,1,1,1
access_account_analytic_line,access_account_analytic_line_project_manager,analytic.model_account_analytic_line,project_procurement_process.group_procurement_project_manager,1,1,1,1
access_account_analytic_tag,access_account_analytic_tag_project_manager,analytic.model_account_analytic_tag,project_procurement_process.group_procurement_project_manager,1,1,1,1
