<?xml version="1.0" encoding="utf-8"?>

<odoo>
<data noupdate="0">

    <record model="ir.module.category" id="module_project_material_req">
        <field name="name">Project Material Requisition</field>
        <field name="parent_id" ref="base.module_category_project_management"/>
        <field name="sequence">10</field>
    </record>

    <record id="group_procurement_project_manager" model="res.groups">
        <field name="name">Procurement Project Manager</field>
        <field name="implied_ids" eval="[(4, ref('base.group_user'))]"/>
        <field name="implied_ids" eval="[(4, ref('analytic.group_analytic_accounting'))]"/>
        <field name="implied_ids" eval="[(4, ref('purchase.group_analytic_accounting'))] "/>
        <field name="category_id" ref="module_project_material_req"/>
    </record>

</data>
<data noupdate="0">

</data>
</odoo>
